{"ProjectBreakpoints":"{\"Value\":{},\"CodeBreakpoints\":{}}","Compiler":"2","ProjectWatches":"{\"Value\":[]}","OpenedDocuments":"[{\"DocumentPath\":\"about.uiform\",\"FactoryId\":\"studio.forms.formio\"},{\"DocumentPath\":\"Main.xaml\",\"FactoryId\":\"{ACB8E7BA-F093-44C1-9B50-33ECA51AAE16}\"}]","ProjectActivitiesViewState":"{\"Main.xaml\":[{\"ActivityIdRef\":\"ShowFormActivity_1\",\"IsAdvancedOptionsExpanded\":false,\"Categories\":{\"Display\":true,\"\":true},\"Widgets\":{}},{\"ActivityIdRef\":\"Text_Only_Model_2\",\"IsAdvancedOptionsExpanded\":false,\"Categories\":{\"Output\":true},\"Widgets\":{}},{\"ActivityIdRef\":\"Delay_2\",\"IsAdvancedOptionsExpanded\":false,\"Widgets\":{}}]}"}